FID,wmo_id,measurement,deploy_no,site_name,LATITUDE,LONGITUDE,TIME,instrument_type,SPCC,BOT_DEPTH,WHTH,SPWP,WMXH,WPMH,VDIR,DSDW,SIF,RDUR,geom
aodn_wave_nrt_timeseries_data.fid--2efc2349_17055012137_-2d87,55036,305098,578,Gold Coast,-27.95,153.43,2020-02-09T23:30:00Z,directional,1,16,1.9,9.4,3,6.8,92,16,0.8,1597,POINT (153.43 -27.95)
aodn_wave_nrt_timeseries_data.fid--2efc2349_17055012137_-2d86,55036,305114,578,Gold Coast,-27.95,153.43,2020-02-10T00:30:00Z,directional,1,16,1.8,9.2,3.6,6.5,100,15,0.8,1597,POINT (153.43 -27.95)
aodn_wave_nrt_timeseries_data.fid--2efc2349_17055012137_-2d85,55036,305122,578,Gold Coast,-27.95,153.43,2020-02-10T01:30:00Z,directional,1,16,1.8,9,2.6,7,104,19,0.8,1597,POINT (153.43 -27.95)
aodn_wave_nrt_timeseries_data.fid--2efc2349_17055012137_-2d84,55036,305138,578,Gold Coast,-27.95,153.43,2020-02-10T02:30:00Z,directional,1,16,1.7,9.3,2.6,6,96,17,0.8,1597,POINT (153.43 -27.95)
aodn_wave_nrt_timeseries_data.fid--2efc2349_17055012137_-2d83,55036,305151,578,Gold Coast,-27.95,153.43,2020-02-10T03:30:00Z,directional,1,16,1.7,9.6,2.6,6.2,96,17,0.8,1597,POINT (153.43 -27.95)
aodn_wave_nrt_timeseries_data.fid--2efc2349_17055012137_-2d82,55036,305160,578,Gold Coast,-27.95,153.43,2020-02-10T04:30:00Z,directional,1,16,1.9,9.2,3.2,6.5,100,24,0.8,1597,POINT (153.43 -27.95)
aodn_wave_nrt_timeseries_data.fid--2efc2349_17055012137_-2d81,55036,305175,578,Gold Coast,-27.95,153.43,2020-02-10T05:30:00Z,directional,1,16,1.8,9.3,3.3,6.1,100,18,0.8,1597,POINT (153.43 -27.95)
aodn_wave_nrt_timeseries_data.fid--2efc2349_17055012137_-2d80,55036,305187,578,Gold Coast,-27.95,153.43,2020-02-10T06:30:00Z,directional,1,16,1.7,9.6,2.7,6.3,100,23,0.8,1597,POINT (153.43 -27.95)
aodn_wave_nrt_timeseries_data.fid--2efc2349_17055012137_-2d7f,55036,305197,578,Gold Coast,-27.95,153.43,2020-02-10T07:30:00Z,directional,1,16,1.8,8.9,2.9,6.3,100,23,0.8,1597,POINT (153.43 -27.95)
aodn_wave_nrt_timeseries_data.fid--2efc2349_17055012137_-2d7e,55036,305213,578,Gold Coast,-27.95,153.43,2020-02-10T09:30:00Z,directional,1,16,1.7,9.3,2.7,6.1,100,20,0.8,1597,POINT (153.43 -27.95)
aodn_wave_nrt_timeseries_data.fid--2efc2349_17055012137_-2d7d,55036,305226,578,Gold Coast,-27.95,153.43,2020-02-10T10:30:00Z,directional,1,16,1.8,9.8,2.9,7,104,17,0.8,1597,POINT (153.43 -27.95)
aodn_wave_nrt_timeseries_data.fid--2efc2349_17055012137_-2d7c,55036,305242,578,Gold Coast,-27.95,153.43,2020-02-10T11:30:00Z,directional,1,16,1.7,9.6,2.9,6.5,108,19,0.8,1597,POINT (153.43 -27.95)
aodn_wave_nrt_timeseries_data.fid--2efc2349_17055012137_-2d7b,55036,305254,578,Gold Coast,-27.95,153.43,2020-02-10T12:30:00Z,directional,1,16,1.7,9.2,2.9,6.1,100,11,0.8,1597,POINT (153.43 -27.95)
aodn_wave_nrt_timeseries_data.fid--2efc2349_17055012137_-2d7a,55036,305269,578,Gold Coast,-27.95,153.43,2020-02-10T14:30:00Z,directional,1,16,1.8,9.9,2.6,6.3,100,19,0.8,1597,POINT (153.43 -27.95)
aodn_wave_nrt_timeseries_data.fid--2efc2349_17055012137_-2d79,55036,305281,578,Gold Coast,-27.95,153.43,2020-02-10T15:30:00Z,directional,1,16,1.7,8.9,3.1,6.1,100,14,0.8,1597,POINT (153.43 -27.95)
aodn_wave_nrt_timeseries_data.fid--2efc2349_17055012137_-2d78,55036,305293,578,Gold Coast,-27.95,153.43,2020-02-10T16:30:00Z,directional,1,16,1.9,9.3,3.3,6.5,96,19,0.8,1597,POINT (153.43 -27.95)
aodn_wave_nrt_timeseries_data.fid--2efc2349_17055012137_-2d77,55036,305307,578,Gold Coast,-27.95,153.43,2020-02-10T17:30:00Z,directional,1,16,1.8,9.6,3.5,6.4,104,18,0.8,1597,POINT (153.43 -27.95)
aodn_wave_nrt_timeseries_data.fid--2efc2349_17055012137_-2d76,55036,305319,578,Gold Coast,-27.95,153.43,2020-02-10T18:30:00Z,directional,1,16,1.9,8.9,3.1,6.6,96,18,0.8,1597,POINT (153.43 -27.95)
aodn_wave_nrt_timeseries_data.fid--2efc2349_17055012137_-2d75,55036,305330,578,Gold Coast,-27.95,153.43,2020-02-10T19:30:00Z,directional,1,16,1.7,9.3,2.8,6.8,100,13,0.8,1597,POINT (153.43 -27.95)
aodn_wave_nrt_timeseries_data.fid--2efc2349_17055012137_-2d74,55036,305346,578,Gold Coast,-27.95,153.43,2020-02-10T20:30:00Z,directional,1,16,1.7,9.2,2.9,6.5,100,16,0.8,1597,POINT (153.43 -27.95)
aodn_wave_nrt_timeseries_data.fid--2efc2349_17055012137_-2d73,55036,305368,578,Gold Coast,-27.95,153.43,2020-02-10T21:30:00Z,directional,1,16,1.6,8.5,2.5,6.9,104,21,0.8,1597,POINT (153.43 -27.95)
aodn_wave_nrt_timeseries_data.fid--2efc2349_17055012137_-2d72,55036,305369,578,Gold Coast,-27.95,153.43,2020-02-10T22:30:00Z,directional,1,16,1.8,9.3,2.5,7.4,104,21,0.8,1597,POINT (153.43 -27.95)
aodn_wave_nrt_timeseries_data.fid--2efc2349_17055012137_-2d71,55036,305398,578,Gold Coast,-27.95,153.43,2020-02-10T23:30:00Z,directional,1,16,1.8,8.8,3.1,7.1,100,21,0.8,1597,POINT (153.43 -27.95)
aodn_wave_nrt_timeseries_data.fid--2efc2349_17055012137_-2d70,55036,305399,578,Gold Coast,-27.95,153.43,2020-02-11T00:30:00Z,directional,1,16,1.6,8.9,3.2,6.8,108,24,0.8,1597,POINT (153.43 -27.95)
aodn_wave_nrt_timeseries_data.fid--2efc2349_17055012137_-2d6f,55036,305400,578,Gold Coast,-27.95,153.43,2020-02-11T01:30:00Z,directional,1,16,1.5,8.9,2.5,6.7,100,20,0.8,1597,POINT (153.43 -27.95)
aodn_wave_nrt_timeseries_data.fid--2efc2349_17055012137_-2d6e,55036,305420,578,Gold Coast,-27.95,153.43,2020-02-11T02:30:00Z,directional,1,16,1.8,8.9,3,7.1,100,17,0.8,1597,POINT (153.43 -27.95)
aodn_wave_nrt_timeseries_data.fid--2efc2349_17055012137_-2d6d,55036,305434,578,Gold Coast,-27.95,153.43,2020-02-11T03:30:00Z,directional,1,16,1.8,8.9,3.4,6.7,96,22,0.8,1597,POINT (153.43 -27.95)
aodn_wave_nrt_timeseries_data.fid--2efc2349_17055012137_-2d6c,55036,305454,578,Gold Coast,-27.95,153.43,2020-02-11T04:30:00Z,directional,1,16,1.8,8.5,2.6,6.9,92,17,0.8,1597,POINT (153.43 -27.95)
aodn_wave_nrt_timeseries_data.fid--2efc2349_17055012137_-2d6b,55036,305455,578,Gold Coast,-27.95,153.43,2020-02-11T05:30:00Z,directional,1,16,1.7,8.8,2.9,6.6,100,18,0.8,1597,POINT (153.43 -27.95)
aodn_wave_nrt_timeseries_data.fid--2efc2349_17055012137_-2d6a,55036,305471,578,Gold Coast,-27.95,153.43,2020-02-11T06:30:00Z,directional,1,16,1.7,8.9,2.7,6.5,108,18,0.8,1597,POINT (153.43 -27.95)
aodn_wave_nrt_timeseries_data.fid--2efc2349_17055012137_-2d69,55036,305483,578,Gold Coast,-27.95,153.43,2020-02-11T07:30:00Z,directional,1,16,1.8,8.9,3.3,6.7,104,17,0.8,1597,POINT (153.43 -27.95)
aodn_wave_nrt_timeseries_data.fid--2efc2349_17055012137_-2d68,55036,305496,578,Gold Coast,-27.95,153.43,2020-02-11T08:30:00Z,directional,1,16,1.6,8.9,3.3,6.7,108,20,0.8,1597,POINT (153.43 -27.95)
aodn_wave_nrt_timeseries_data.fid--2efc2349_17055012137_-2d67,55036,305508,578,Gold Coast,-27.95,153.43,2020-02-11T09:30:00Z,directional,1,16,1.6,8.9,2.8,6.2,100,15,0.8,1597,POINT (153.43 -27.95)
aodn_wave_nrt_timeseries_data.fid--2efc2349_17055012137_-2d66,55036,305519,578,Gold Coast,-27.95,153.43,2020-02-11T10:30:00Z,directional,1,16,1.6,9.1,2.8,5.8,100,21,0.8,1597,POINT (153.43 -27.95)
aodn_wave_nrt_timeseries_data.fid--2efc2349_17055012137_-2d65,55036,305534,578,Gold Coast,-27.95,153.43,2020-02-11T11:30:00Z,directional,1,16,1.7,9.3,2.8,5.9,104,20,0.8,1597,POINT (153.43 -27.95)
aodn_wave_nrt_timeseries_data.fid--2efc2349_17055012137_-2d64,55036,305546,578,Gold Coast,-27.95,153.43,2020-02-11T12:30:00Z,directional,1,16,1.6,9.2,2.3,6.1,104,17,0.8,1597,POINT (153.43 -27.95)
aodn_wave_nrt_timeseries_data.fid--2efc2349_17055012137_-2d63,55036,305564,578,Gold Coast,-27.95,153.43,2020-02-11T14:30:00Z,directional,1,16,1.8,8.8,2.8,6.7,88,20,0.8,1597,POINT (153.43 -27.95)
aodn_wave_nrt_timeseries_data.fid--2efc2349_17055012137_-2d62,55036,305574,578,Gold Coast,-27.95,153.43,2020-02-11T15:30:00Z,directional,1,16,1.6,9,3,6.7,96,20,0.8,1597,POINT (153.43 -27.95)
aodn_wave_nrt_timeseries_data.fid--2efc2349_17055012137_-2d61,55036,305585,578,Gold Coast,-27.95,153.43,2020-02-11T16:30:00Z,directional,1,16,1.6,9.1,2.4,6.7,92,17,0.8,1597,POINT (153.43 -27.95)
aodn_wave_nrt_timeseries_data.fid--2efc2349_17055012137_-2d60,55036,305599,578,Gold Coast,-27.95,153.43,2020-02-11T17:30:00Z,directional,1,16,1.6,8.9,3.5,6.4,88,19,0.8,1597,POINT (153.43 -27.95)
aodn_wave_nrt_timeseries_data.fid--2efc2349_17055012137_-2d5f,55036,305611,578,Gold Coast,-27.95,153.43,2020-02-11T18:30:00Z,directional,1,16,1.5,7.8,2.2,6.4,96,21,0.8,1597,POINT (153.43 -27.95)
aodn_wave_nrt_timeseries_data.fid--2efc2349_17055012137_-2d5e,55036,305624,578,Gold Coast,-27.95,153.43,2020-02-11T19:30:00Z,directional,1,16,1.8,9.3,2.9,6.6,84,21,0.8,1597,POINT (153.43 -27.95)
aodn_wave_nrt_timeseries_data.fid--2efc2349_17055012137_-2d5d,55036,305640,578,Gold Coast,-27.95,153.43,2020-02-11T20:30:00Z,directional,1,16,1.7,9.6,2.6,6.7,100,25,0.8,1597,POINT (153.43 -27.95)
aodn_wave_nrt_timeseries_data.fid--2efc2349_17055012137_-2d5c,55036,305651,578,Gold Coast,-27.95,153.43,2020-02-11T21:30:00Z,directional,1,16,1.7,9.7,2.7,6.6,96,25,0.8,1597,POINT (153.43 -27.95)
aodn_wave_nrt_timeseries_data.fid--2efc2349_17055012137_-2d5b,55036,305665,578,Gold Coast,-27.95,153.43,2020-02-11T22:30:00Z,directional,1,16,1.5,9.5,2.5,6.8,88,28,0.8,1597,POINT (153.43 -27.95)
aodn_wave_nrt_timeseries_data.fid--2efc2349_17055012137_-2d5a,55036,305676,578,Gold Coast,-27.95,153.43,2020-02-11T23:30:00Z,directional,1,16,1.5,9.6,2.3,6.8,92,20,0.8,1597,POINT (153.43 -27.95)
aodn_wave_nrt_timeseries_data.fid--2efc2349_17055012137_-2d59,55036,305690,578,Gold Coast,-27.95,153.43,2020-02-12T00:30:00Z,directional,1,16,1.6,9.2,2.5,6.8,88,21,0.8,1597,POINT (153.43 -27.95)
aodn_wave_nrt_timeseries_data.fid--2efc2349_17055012137_-2d58,55036,305707,578,Gold Coast,-27.95,153.43,2020-02-12T01:30:00Z,directional,1,16,1.8,9.3,2.8,6.9,92,25,0.8,1597,POINT (153.43 -27.95)
aodn_wave_nrt_timeseries_data.fid--2efc2349_17055012137_-2d57,55036,305722,578,Gold Coast,-27.95,153.43,2020-02-12T02:30:00Z,directional,1,16,1.9,8.8,3,7.3,80,24,0.8,1597,POINT (153.43 -27.95)
aodn_wave_nrt_timeseries_data.fid--2efc2349_17055012137_-2d56,55036,305741,578,Gold Coast,-27.95,153.43,2020-02-12T03:30:00Z,directional,1,16,1.7,9.2,3.2,6.9,92,22,0.8,1597,POINT (153.43 -27.95)
aodn_wave_nrt_timeseries_data.fid--2efc2349_17055012137_-2d55,55036,305742,578,Gold Coast,-27.95,153.43,2020-02-12T04:30:00Z,directional,1,16,1.8,8.8,2.8,7,84,25,0.8,1597,POINT (153.43 -27.95)
aodn_wave_nrt_timeseries_data.fid--2efc2349_17055012137_-2d54,55036,305761,578,Gold Coast,-27.95,153.43,2020-02-12T05:30:00Z,directional,1,16,1.8,8.9,3,6,96,28,0.8,1597,POINT (153.43 -27.95)
aodn_wave_nrt_timeseries_data.fid--2efc2349_17055012137_-2d53,55036,305774,578,Gold Coast,-27.95,153.43,2020-02-12T06:30:00Z,directional,1,16,1.9,8.8,2.7,6.6,88,19,0.8,1597,POINT (153.43 -27.95)
aodn_wave_nrt_timeseries_data.fid--2efc2349_17055012137_-2d52,55036,305780,578,Gold Coast,-27.95,153.43,2020-02-12T07:30:00Z,directional,1,16,2,8.9,3,6.6,80,18,0.8,1597,POINT (153.43 -27.95)
aodn_wave_nrt_timeseries_data.fid--2efc2349_17055012137_-2d51,55036,305796,578,Gold Coast,-27.95,153.43,2020-02-12T08:30:00Z,directional,1,16,2.1,9.2,3.3,6.9,92,21,0.8,1597,POINT (153.43 -27.95)
aodn_wave_nrt_timeseries_data.fid--2efc2349_17055012137_-2d50,55036,305810,578,Gold Coast,-27.95,153.43,2020-02-12T09:30:00Z,directional,1,16,2.1,9.6,3.3,6.8,96,20,0.8,1597,POINT (153.43 -27.95)
aodn_wave_nrt_timeseries_data.fid--2efc2349_17055012137_-2d4f,55036,305821,578,Gold Coast,-27.95,153.43,2020-02-12T10:30:00Z,directional,1,16,2,9.3,3.4,6.5,88,14,0.8,1597,POINT (153.43 -27.95)
aodn_wave_nrt_timeseries_data.fid--2efc2349_17055012137_-2d4e,55036,305836,578,Gold Coast,-27.95,153.43,2020-02-12T11:30:00Z,directional,1,16,2.1,8.8,3.8,6.6,92,23,0.8,1597,POINT (153.43 -27.95)
aodn_wave_nrt_timeseries_data.fid--2efc2349_17055012137_-2d4d,55036,305847,578,Gold Coast,-27.95,153.43,2020-02-12T12:30:00Z,directional,1,16,2.3,9,3.3,6.7,76,18,0.8,1597,POINT (153.43 -27.95)
aodn_wave_nrt_timeseries_data.fid--2efc2349_17055012137_-2d4c,55036,305861,578,Gold Coast,-27.95,153.43,2020-02-12T14:30:00Z,directional,1,16,2.4,9.3,3.6,7.1,76,16,0.8,1597,POINT (153.43 -27.95)
aodn_wave_nrt_timeseries_data.fid--2efc2349_17055012137_-2d4b,55036,305873,578,Gold Coast,-27.95,153.43,2020-02-12T15:30:00Z,directional,1,16,2.3,9.4,3.8,7.2,72,21,0.8,1597,POINT (153.43 -27.95)
aodn_wave_nrt_timeseries_data.fid--2efc2349_17055012137_-2d4a,55036,305885,578,Gold Coast,-27.95,153.43,2020-02-12T16:30:00Z,directional,1,16,2.3,8.9,4.1,7,80,16,0.8,1597,POINT (153.43 -27.95)
aodn_wave_nrt_timeseries_data.fid--2efc2349_17055012137_-2d49,55036,305899,578,Gold Coast,-27.95,153.43,2020-02-12T17:30:00Z,directional,1,16,2.1,9.7,3.9,7,88,16,0.8,1597,POINT (153.43 -27.95)
aodn_wave_nrt_timeseries_data.fid--2efc2349_17055012137_-2d48,55036,305912,578,Gold Coast,-27.95,153.43,2020-02-12T18:30:00Z,directional,1,16,2.1,9.6,3.2,7.1,72,11,0.8,1597,POINT (153.43 -27.95)
aodn_wave_nrt_timeseries_data.fid--2efc2349_17055012137_-2d47,55036,305924,578,Gold Coast,-27.95,153.43,2020-02-12T19:30:00Z,directional,1,16,2.1,9.8,3.7,7.8,72,11,0.8,1597,POINT (153.43 -27.95)
aodn_wave_nrt_timeseries_data.fid--2efc2349_17055012137_-2d46,55036,305945,578,Gold Coast,-27.95,153.43,2020-02-12T20:30:00Z,directional,1,16,2.2,9.7,3.8,7.7,64,11,0.8,1597,POINT (153.43 -27.95)
aodn_wave_nrt_timeseries_data.fid--2efc2349_17055012137_-2d45,55036,305946,578,Gold Coast,-27.95,153.43,2020-02-12T21:30:00Z,directional,1,16,2.2,9.6,3.7,7.6,80,14,0.8,1597,POINT (153.43 -27.95)
aodn_wave_nrt_timeseries_data.fid--2efc2349_17055012137_-2d44,55036,305962,578,Gold Coast,-27.95,153.43,2020-02-12T22:30:00Z,directional,1,16,2.4,10.2,4.2,6.8,64,10,0.8,1597,POINT (153.43 -27.95)
aodn_wave_nrt_timeseries_data.fid--2efc2349_17055012137_-2d43,55036,305976,578,Gold Coast,-27.95,153.43,2020-02-12T23:30:00Z,directional,1,16,2.5,9.4,3.9,7.1,68,20,0.8,1597,POINT (153.43 -27.95)
aodn_wave_nrt_timeseries_data.fid--2efc2349_17055012137_-2d42,55036,305989,578,Gold Coast,-27.95,153.43,2020-02-13T00:30:00Z,directional,1,16,2.5,13.7,4.3,7.1,72,13,0.8,1597,POINT (153.43 -27.95)
aodn_wave_nrt_timeseries_data.fid--2efc2349_17055012137_-2d41,55036,306001,578,Gold Coast,-27.95,153.43,2020-02-13T01:30:00Z,directional,1,16,2.4,11.2,3.9,7,64,8,0.8,1597,POINT (153.43 -27.95)
aodn_wave_nrt_timeseries_data.fid--2efc2349_17055012137_-2d40,55036,306015,578,Gold Coast,-27.95,153.43,2020-02-13T02:30:00Z,directional,1,16,2.7,11,5.3,7.5,72,13,0.8,1597,POINT (153.43 -27.95)
aodn_wave_nrt_timeseries_data.fid--2efc2349_17055012137_-2d3f,55036,306027,578,Gold Coast,-27.95,153.43,2020-02-13T03:30:00Z,directional,1,16,2.8,12.3,4.6,7.6,72,11,0.8,1597,POINT (153.43 -27.95)
aodn_wave_nrt_timeseries_data.fid--2efc2349_17055012137_-2d3e,55036,306039,578,Gold Coast,-27.95,153.43,2020-02-13T04:30:00Z,directional,1,16,2.7,11.5,4.2,7.7,76,10,0.8,1597,POINT (153.43 -27.95)
aodn_wave_nrt_timeseries_data.fid--2efc2349_17055012137_-2d3d,55036,306052,578,Gold Coast,-27.95,153.43,2020-02-13T05:30:00Z,directional,1,16,2.8,11.4,4.8,8,72,8,0.8,1597,POINT (153.43 -27.95)
aodn_wave_nrt_timeseries_data.fid--2efc2349_17055012137_-2d3c,55036,306064,578,Gold Coast,-27.95,153.43,2020-02-13T06:30:00Z,directional,1,16,2.7,11.7,4.5,8.2,76,6,0.8,1597,POINT (153.43 -27.95)
aodn_wave_nrt_timeseries_data.fid--2efc2349_17055012137_-2d3b,55036,306076,578,Gold Coast,-27.95,153.43,2020-02-13T07:30:00Z,directional,1,16,2.8,11.4,5,8.7,76,10,0.8,1597,POINT (153.43 -27.95)
aodn_wave_nrt_timeseries_data.fid--2efc2349_17055012137_-2d3a,55036,306088,578,Gold Coast,-27.95,153.43,2020-02-13T08:30:00Z,directional,1,16,2.8,10.7,4.2,8.4,76,8,0.8,1597,POINT (153.43 -27.95)
aodn_wave_nrt_timeseries_data.fid--2efc2349_17055012137_-2d39,55036,306094,578,Gold Coast,-27.95,153.43,2020-02-13T09:30:00Z,directional,1,16,2.9,13.8,4.5,9,80,7,0.8,1597,POINT (153.43 -27.95)
aodn_wave_nrt_timeseries_data.fid--2efc2349_17055012137_-2d38,55036,306110,578,Gold Coast,-27.95,153.43,2020-02-13T10:30:00Z,directional,1,16,3.2,12.7,5.2,9.6,76,9,0.8,1597,POINT (153.43 -27.95)
aodn_wave_nrt_timeseries_data.fid--2efc2349_17055012137_-2d37,55036,306124,578,Gold Coast,-27.95,153.43,2020-02-13T11:30:00Z,directional,1,16,3.1,12.9,4.8,9.6,80,7,0.8,1597,POINT (153.43 -27.95)
aodn_wave_nrt_timeseries_data.fid--2efc2349_17055012137_-2d36,55036,306136,578,Gold Coast,-27.95,153.43,2020-02-13T12:30:00Z,directional,1,16,3,13.8,5.6,9.4,80,5,0.8,1597,POINT (153.43 -27.95)
aodn_wave_nrt_timeseries_data.fid--2efc2349_17055012137_-2d35,55036,306150,578,Gold Coast,-27.95,153.43,2020-02-13T14:30:00Z,directional,1,16,3.2,13.5,4.3,10.9,84,7,0.8,1597,POINT (153.43 -27.95)
aodn_wave_nrt_timeseries_data.fid--2efc2349_17055012137_-2d34,55036,306162,578,Gold Coast,-27.95,153.43,2020-02-13T15:30:00Z,directional,1,16,3.3,14.7,5,9.9,84,6,0.8,1597,POINT (153.43 -27.95)
aodn_wave_nrt_timeseries_data.fid--2efc2349_17055012137_-2d33,55036,306168,578,Gold Coast,-27.95,153.43,2020-02-13T16:30:00Z,directional,1,16,3.1,13.6,4.9,9.8,84,6,0.8,1597,POINT (153.43 -27.95)
aodn_wave_nrt_timeseries_data.fid--2efc2349_17055012137_-2d32,55036,306191,578,Gold Coast,-27.95,153.43,2020-02-13T17:30:00Z,directional,1,16,3.2,13.7,4.6,9.8,84,6,0.8,1597,POINT (153.43 -27.95)
aodn_wave_nrt_timeseries_data.fid--2efc2349_17055012137_-2d31,55036,306192,578,Gold Coast,-27.95,153.43,2020-02-13T18:30:00Z,directional,1,16,3,13.6,4.9,9.2,84,7,0.8,1597,POINT (153.43 -27.95)
aodn_wave_nrt_timeseries_data.fid--2efc2349_17055012137_-2d30,55036,306204,578,Gold Coast,-27.95,153.43,2020-02-13T19:30:00Z,directional,1,16,3.1,13.6,4.9,10,84,7,0.8,1597,POINT (153.43 -27.95)
aodn_wave_nrt_timeseries_data.fid--2efc2349_17055012137_-2d2f,55036,306219,578,Gold Coast,-27.95,153.43,2020-02-13T20:30:00Z,directional,1,16,2.9,12.8,4.8,9.3,88,8,0.8,1597,POINT (153.43 -27.95)
aodn_wave_nrt_timeseries_data.fid--2efc2349_17055012137_-2d2e,55036,306231,578,Gold Coast,-27.95,153.43,2020-02-13T21:30:00Z,directional,1,16,2.9,12,4.5,9.4,92,6,0.8,1597,POINT (153.43 -27.95)
aodn_wave_nrt_timeseries_data.fid--2efc2349_17055012137_-2d2d,55036,306243,578,Gold Coast,-27.95,153.43,2020-02-13T22:30:00Z,directional,1,16,3.5,12.7,5.8,10.2,92,4,0.8,1597,POINT (153.43 -27.95)
aodn_wave_nrt_timeseries_data.fid--2efc2349_17055012137_-2d2c,55036,306259,578,Gold Coast,-27.95,153.43,2020-02-13T23:30:00Z,directional,1,16,2.8,12.3,4.5,9.5,96,6,0.8,1597,POINT (153.43 -27.95)
aodn_wave_nrt_timeseries_data.fid--2efc2349_17055012137_-2d2b,55036,306270,578,Gold Coast,-27.95,153.43,2020-02-14T00:30:00Z,directional,1,16,3,12.2,5,8.7,96,5,0.8,1597,POINT (153.43 -27.95)
aodn_wave_nrt_timeseries_data.fid--2efc2349_17055012137_-2d2a,55036,306283,578,Gold Coast,-27.95,153.43,2020-02-14T01:30:00Z,directional,1,16,2.6,13.4,3.8,8,96,9,0.8,1597,POINT (153.43 -27.95)
aodn_wave_nrt_timeseries_data.fid--2efc2349_17055012137_-2d29,55036,306298,578,Gold Coast,-27.95,153.43,2020-02-14T02:30:00Z,directional,1,16,2.8,12.8,4.5,7.8,100,11,0.8,1597,POINT (153.43 -27.95)
aodn_wave_nrt_timeseries_data.fid--2efc2349_17055012137_-2d28,55036,306316,578,Gold Coast,-27.95,153.43,2020-02-14T03:30:00Z,directional,1,16,2.6,12.1,4.8,7.3,96,13,0.8,1597,POINT (153.43 -27.95)
aodn_wave_nrt_timeseries_data.fid--2efc2349_17055012137_-2d27,55036,306317,578,Gold Coast,-27.95,153.43,2020-02-14T04:30:00Z,directional,1,16,2.6,12.2,4.4,8.3,100,13,0.8,1597,POINT (153.43 -27.95)
aodn_wave_nrt_timeseries_data.fid--2efc2349_17055012137_-2d26,55036,306331,578,Gold Coast,-27.95,153.43,2020-02-14T05:30:00Z,directional,1,16,2.4,10.3,3.7,7.4,100,9,0.8,1597,POINT (153.43 -27.95)
aodn_wave_nrt_timeseries_data.fid--2efc2349_17055012137_-2d25,55036,306344,578,Gold Coast,-27.95,153.43,2020-02-14T06:30:00Z,directional,1,16,2.4,11.5,3.5,7.7,100,12,0.8,1597,POINT (153.43 -27.95)
aodn_wave_nrt_timeseries_data.fid--2efc2349_17055012137_-2d24,55036,306357,578,Gold Coast,-27.95,153.43,2020-02-14T07:30:00Z,directional,1,16,2.3,10.7,3.4,7.8,96,18,0.8,1597,POINT (153.43 -27.95)
aodn_wave_nrt_timeseries_data.fid--2efc2349_17055012137_-2d23,55036,306369,578,Gold Coast,-27.95,153.43,2020-02-14T08:30:00Z,directional,1,16,2.1,12.5,3.8,7.6,96,16,0.8,1597,POINT (153.43 -27.95)
aodn_wave_nrt_timeseries_data.fid--2efc2349_17055012137_-2d22,55036,306392,578,Gold Coast,-27.95,153.43,2020-02-14T09:30:00Z,directional,1,16,2.1,11.5,3.2,8.2,112,24,0.8,1597,POINT (153.43 -27.95)
aodn_wave_nrt_timeseries_data.fid--2efc2349_17055012137_-2d21,55036,306393,578,Gold Coast,-27.95,153.43,2020-02-14T10:30:00Z,directional,1,16,1.9,12.1,3.2,8.1,100,24,0.8,1597,POINT (153.43 -27.95)
aodn_wave_nrt_timeseries_data.fid--2efc2349_17055012137_-2d20,55036,306406,578,Gold Coast,-27.95,153.43,2020-02-14T11:30:00Z,directional,1,16,1.9,11.8,2.8,8.6,100,23,0.8,1597,POINT (153.43 -27.95)
aodn_wave_nrt_timeseries_data.fid--2efc2349_17055012137_-2d1f,55036,306419,578,Gold Coast,-27.95,153.43,2020-02-14T12:30:00Z,directional,1,16,1.7,11.4,2.7,8.4,100,13,0.8,1597,POINT (153.43 -27.95)
aodn_wave_nrt_timeseries_data.fid--2efc2349_17055012137_-2d1e,55036,306434,578,Gold Coast,-27.95,153.43,2020-02-14T14:30:00Z,directional,1,16,1.7,10.9,2.5,8.9,112,15,0.8,1597,POINT (153.43 -27.95)
aodn_wave_nrt_timeseries_data.fid--2efc2349_17055012137_-2d1d,55036,306445,578,Gold Coast,-27.95,153.43,2020-02-14T15:30:00Z,directional,1,16,2,10.9,2.9,9.3,108,13,0.8,1597,POINT (153.43 -27.95)
aodn_wave_nrt_timeseries_data.fid--2efc2349_17055012137_-2d1c,55036,306457,578,Gold Coast,-27.95,153.43,2020-02-14T16:30:00Z,directional,1,16,1.8,11.2,3,8.7,108,10,0.8,1597,POINT (153.43 -27.95)
aodn_wave_nrt_timeseries_data.fid--2efc2349_17055012137_-2d1b,55036,306471,578,Gold Coast,-27.95,153.43,2020-02-14T17:30:00Z,directional,1,16,1.9,11.3,3.1,9,100,12,0.8,1597,POINT (153.43 -27.95)
aodn_wave_nrt_timeseries_data.fid--2efc2349_17055012137_-2d1a,55036,306483,578,Gold Coast,-27.95,153.43,2020-02-14T18:30:00Z,directional,1,16,1.7,10.7,3,8.7,112,10,0.8,1597,POINT (153.43 -27.95)
aodn_wave_nrt_timeseries_data.fid--2efc2349_17055012137_-2d19,55036,306495,578,Gold Coast,-27.95,153.43,2020-02-14T19:30:00Z,directional,1,16,1.7,10.9,2.7,8.8,108,18,0.8,1597,POINT (153.43 -27.95)
aodn_wave_nrt_timeseries_data.fid--2efc2349_17055012137_-2d18,55036,306508,578,Gold Coast,-27.95,153.43,2020-02-14T20:30:00Z,directional,1,16,1.6,10,3,8.1,96,16,0.8,1597,POINT (153.43 -27.95)
aodn_wave_nrt_timeseries_data.fid--2efc2349_17055012137_-2d17,55036,306521,578,Gold Coast,-27.95,153.43,2020-02-14T21:30:00Z,directional,1,16,1.9,10,2.9,8.4,104,17,0.8,1597,POINT (153.43 -27.95)
aodn_wave_nrt_timeseries_data.fid--2efc2349_17055012137_-2d16,55036,306533,578,Gold Coast,-27.95,153.43,2020-02-14T22:30:00Z,directional,1,16,1.9,10.2,3,8.6,104,19,0.8,1597,POINT (153.43 -27.95)
aodn_wave_nrt_timeseries_data.fid--2efc2349_17055012137_-2d15,55036,306547,578,Gold Coast,-27.95,153.43,2020-02-14T23:30:00Z,directional,1,16,1.9,9.2,2.9,8.8,116,15,0.8,1597,POINT (153.43 -27.95)
aodn_wave_nrt_timeseries_data.fid--2efc2349_17055012137_-2d14,55036,306559,578,Gold Coast,-27.95,153.43,2020-02-15T00:30:00Z,directional,1,16,2,10.6,3.7,8.8,124,13,0.8,1597,POINT (153.43 -27.95)
aodn_wave_nrt_timeseries_data.fid--2efc2349_17055012137_-2d13,55036,306571,578,Gold Coast,-27.95,153.43,2020-02-15T01:30:00Z,directional,1,16,2,10.6,3.2,8.4,120,7,0.8,1597,POINT (153.43 -27.95)
aodn_wave_nrt_timeseries_data.fid--2efc2349_17055012137_-2d12,55036,306586,578,Gold Coast,-27.95,153.43,2020-02-15T02:30:00Z,directional,1,16,2.1,10.3,3.2,8.6,120,10,0.8,1597,POINT (153.43 -27.95)
aodn_wave_nrt_timeseries_data.fid--2efc2349_17055012137_-2d11,55036,306598,578,Gold Coast,-27.95,153.43,2020-02-15T03:30:00Z,directional,1,16,2.1,9.8,3.9,8,116,14,0.8,1597,POINT (153.43 -27.95)
aodn_wave_nrt_timeseries_data.fid--2efc2349_17055012137_-2d10,55036,306611,578,Gold Coast,-27.95,153.43,2020-02-15T04:30:00Z,directional,1,16,1.8,9.2,2.8,6.9,108,16,0.8,1597,POINT (153.43 -27.95)
aodn_wave_nrt_timeseries_data.fid--2efc2349_17055012137_-2d0f,55036,306626,578,Gold Coast,-27.95,153.43,2020-02-15T05:30:00Z,directional,1,16,1.8,8.9,2.8,7.4,108,14,0.8,1597,POINT (153.43 -27.95)
aodn_wave_nrt_timeseries_data.fid--2efc2349_17055012137_-2d0e,55036,306636,578,Gold Coast,-27.95,153.43,2020-02-15T06:30:00Z,directional,1,16,1.9,10.6,3,7.5,108,16,0.8,1597,POINT (153.43 -27.95)
aodn_wave_nrt_timeseries_data.fid--2efc2349_17055012137_-2d0d,55036,306648,578,Gold Coast,-27.95,153.43,2020-02-15T07:30:00Z,directional,1,16,1.6,10.3,2.5,7.4,120,12,0.8,1597,POINT (153.43 -27.95)
aodn_wave_nrt_timeseries_data.fid--2efc2349_17055012137_-2d0c,55036,306661,578,Gold Coast,-27.95,153.43,2020-02-15T08:30:00Z,directional,1,16,1.6,9.7,2.7,7.6,120,14,0.8,1597,POINT (153.43 -27.95)
aodn_wave_nrt_timeseries_data.fid--2efc2349_17055012137_-2d0b,55036,306674,578,Gold Coast,-27.95,153.43,2020-02-15T09:30:00Z,directional,1,16,1.5,10.8,2.9,7.7,108,16,0.8,1597,POINT (153.43 -27.95)
aodn_wave_nrt_timeseries_data.fid--2efc2349_17055012137_-2d0a,55036,306687,578,Gold Coast,-27.95,153.43,2020-02-15T10:30:00Z,directional,1,16,1.5,10.7,2.5,7.8,112,9,0.8,1597,POINT (153.43 -27.95)
aodn_wave_nrt_timeseries_data.fid--2efc2349_17055012137_-2d09,55036,306701,578,Gold Coast,-27.95,153.43,2020-02-15T11:30:00Z,directional,1,16,1.3,10.4,2.3,7.7,108,19,0.8,1597,POINT (153.43 -27.95)
aodn_wave_nrt_timeseries_data.fid--2efc2349_17055012137_-2d08,55036,306714,578,Gold Coast,-27.95,153.43,2020-02-15T12:30:00Z,directional,1,16,1.3,10.6,2,8.2,112,16,0.8,1597,POINT (153.43 -27.95)
aodn_wave_nrt_timeseries_data.fid--2efc2349_17055012137_-2d07,55036,306728,578,Gold Coast,-27.95,153.43,2020-02-15T14:30:00Z,directional,1,16,1,10.4,2.1,6.9,104,20,0.8,1597,POINT (153.43 -27.95)
aodn_wave_nrt_timeseries_data.fid--2efc2349_17055012137_-2d06,55036,306740,578,Gold Coast,-27.95,153.43,2020-02-15T15:30:00Z,directional,1,16,1,10.3,1.5,7.1,108,21,0.8,1597,POINT (153.43 -27.95)
aodn_wave_nrt_timeseries_data.fid--2efc2349_17055012137_-2d05,55036,306752,578,Gold Coast,-27.95,153.43,2020-02-15T16:30:00Z,directional,1,16,1,10.2,1.5,7.1,104,21,0.8,1597,POINT (153.43 -27.95)
aodn_wave_nrt_timeseries_data.fid--2efc2349_17055012137_-2d04,55036,306765,578,Gold Coast,-27.95,153.43,2020-02-15T17:30:00Z,directional,1,16,1.1,9.8,1.7,7.6,100,19,0.8,1597,POINT (153.43 -27.95)
aodn_wave_nrt_timeseries_data.fid--2efc2349_17055012137_-2d03,55036,306776,578,Gold Coast,-27.95,153.43,2020-02-15T18:30:00Z,directional,1,16,1,9.4,1.6,7.3,104,12,0.8,1597,POINT (153.43 -27.95)
aodn_wave_nrt_timeseries_data.fid--2efc2349_17055012137_-2d02,55036,306791,578,Gold Coast,-27.95,153.43,2020-02-15T19:30:00Z,directional,1,16,1.1,9.4,2.2,6.9,108,19,0.8,1597,POINT (153.43 -27.95)
aodn_wave_nrt_timeseries_data.fid--2efc2349_17055012137_-2d01,55036,306806,578,Gold Coast,-27.95,153.43,2020-02-15T20:30:00Z,directional,1,16,1,9.2,1.6,6.7,96,14,0.8,1597,POINT (153.43 -27.95)
aodn_wave_nrt_timeseries_data.fid--2efc2349_17055012137_-2d00,55036,306817,578,Gold Coast,-27.95,153.43,2020-02-15T21:30:00Z,directional,1,16,1,9.1,1.8,7.3,104,21,0.8,1597,POINT (153.43 -27.95)
aodn_wave_nrt_timeseries_data.fid--2efc2349_17055012137_-2cff,55036,306838,578,Gold Coast,-27.95,153.43,2020-02-15T22:30:00Z,directional,1,16,1,9.2,1.8,7.1,100,22,0.8,1597,POINT (153.43 -27.95)
aodn_wave_nrt_timeseries_data.fid--2efc2349_17055012137_-2cfe,55036,306839,578,Gold Coast,-27.95,153.43,2020-02-15T23:30:00Z,directional,1,16,0.9,9.6,1.5,7.2,104,21,0.8,1597,POINT (153.43 -27.95)
aodn_wave_nrt_timeseries_data.fid--2efc2349_17055012137_-2cfd,55036,306855,578,Gold Coast,-27.95,153.43,2020-02-16T00:30:00Z,directional,1,16,1.1,9.2,1.6,7.1,100,20,0.8,1597,POINT (153.43 -27.95)
aodn_wave_nrt_timeseries_data.fid--2efc2349_17055012137_-2cfc,55036,306867,578,Gold Coast,-27.95,153.43,2020-02-16T01:30:00Z,directional,1,16,1.1,8.4,1.9,6.9,104,24,0.8,1597,POINT (153.43 -27.95)
aodn_wave_nrt_timeseries_data.fid--2efc2349_17055012137_-2cfb,55036,306880,578,Gold Coast,-27.95,153.43,2020-02-16T02:30:00Z,directional,1,16,1.1,8.8,1.8,6.6,100,24,0.8,1597,POINT (153.43 -27.95)
aodn_wave_nrt_timeseries_data.fid--2efc2349_17055012137_-2cfa,55036,306893,578,Gold Coast,-27.95,153.43,2020-02-16T03:30:00Z,directional,1,16,1,8.9,1.7,5.9,104,25,0.8,1597,POINT (153.43 -27.95)
aodn_wave_nrt_timeseries_data.fid--2efc2349_17055012137_-2cf9,55036,306905,578,Gold Coast,-27.95,153.43,2020-02-16T04:30:00Z,directional,1,16,1.1,8.5,2,6.6,96,18,0.8,1597,POINT (153.43 -27.95)
aodn_wave_nrt_timeseries_data.fid--2efc2349_17055012137_-2cf8,55036,306919,578,Gold Coast,-27.95,153.43,2020-02-16T05:30:00Z,directional,1,16,1.1,8.1,1.8,5.7,96,18,0.8,1597,POINT (153.43 -27.95)
aodn_wave_nrt_timeseries_data.fid--2efc2349_17055012137_-2cf7,55036,306931,578,Gold Coast,-27.95,153.43,2020-02-16T06:30:00Z,directional,1,16,1.2,8.5,2.5,6.1,96,20,0.8,1597,POINT (153.43 -27.95)
aodn_wave_nrt_timeseries_data.fid--2efc2349_17055012137_-2cf6,55036,306954,578,Gold Coast,-27.95,153.43,2020-02-16T07:30:00Z,directional,1,16,1.4,7.9,2.1,5.9,88,21,0.8,1597,POINT (153.43 -27.95)
aodn_wave_nrt_timeseries_data.fid--2efc2349_17055012137_-2cf5,55036,306955,578,Gold Coast,-27.95,153.43,2020-02-16T08:30:00Z,directional,1,16,1.3,8.9,1.9,6.2,108,17,0.8,1597,POINT (153.43 -27.95)
aodn_wave_nrt_timeseries_data.fid--2efc2349_17055012137_-2cf4,55036,306970,578,Gold Coast,-27.95,153.43,2020-02-16T09:30:00Z,directional,1,16,1.2,9.3,2.1,5.5,96,11,0.8,1597,POINT (153.43 -27.95)
aodn_wave_nrt_timeseries_data.fid--2efc2349_17055012137_-2cf3,55036,306980,578,Gold Coast,-27.95,153.43,2020-02-16T10:30:00Z,directional,1,16,1.2,9.2,1.9,6,100,22,0.8,1597,POINT (153.43 -27.95)
aodn_wave_nrt_timeseries_data.fid--2efc2349_17055012137_-2cf2,55036,306995,578,Gold Coast,-27.95,153.43,2020-02-16T11:30:00Z,directional,1,16,1.1,8.8,2,5.7,100,20,0.8,1597,POINT (153.43 -27.95)
aodn_wave_nrt_timeseries_data.fid--2efc2349_17055012137_-2cf1,55036,307007,578,Gold Coast,-27.95,153.43,2020-02-16T12:30:00Z,directional,1,16,1,10.2,1.5,5.9,88,13,0.8,1597,POINT (153.43 -27.95)
aodn_wave_nrt_timeseries_data.fid--2efc2349_17055012137_-2cf0,55036,307021,578,Gold Coast,-27.95,153.43,2020-02-16T14:30:00Z,directional,1,16,1.1,10.1,1.7,5.9,112,24,0.8,1597,POINT (153.43 -27.95)
aodn_wave_nrt_timeseries_data.fid--2efc2349_17055012137_-2cef,55036,307033,578,Gold Coast,-27.95,153.43,2020-02-16T15:30:00Z,directional,1,16,1.2,9.9,1.8,6,92,13,0.8,1597,POINT (153.43 -27.95)
aodn_wave_nrt_timeseries_data.fid--2efc2349_17055012137_-2cee,55036,307045,578,Gold Coast,-27.95,153.43,2020-02-16T16:30:00Z,directional,1,16,1,10.1,1.7,5.9,108,27,0.8,1597,POINT (153.43 -27.95)
aodn_wave_nrt_timeseries_data.fid--2efc2349_17055012137_-2ced,55036,307058,578,Gold Coast,-27.95,153.43,2020-02-16T17:30:00Z,directional,1,16,0.9,10.2,1.7,5.3,100,18,0.8,1597,POINT (153.43 -27.95)
aodn_wave_nrt_timeseries_data.fid--2efc2349_17055012137_-2cec,55036,307072,578,Gold Coast,-27.95,153.43,2020-02-16T18:30:00Z,directional,1,16,0.9,9.7,1.6,5.5,100,26,0.8,1597,POINT (153.43 -27.95)
aodn_wave_nrt_timeseries_data.fid--2efc2349_17055012137_-2ceb,55036,307092,578,Gold Coast,-27.95,153.43,2020-02-16T19:30:00Z,directional,1,16,1.1,9.6,2,5.8,96,16,0.8,1597,POINT (153.43 -27.95)
aodn_wave_nrt_timeseries_data.fid--2efc2349_17055012137_-2cea,55036,307093,578,Gold Coast,-27.95,153.43,2020-02-16T20:30:00Z,directional,1,16,1.1,8.8,1.9,6.3,100,16,0.8,1597,POINT (153.43 -27.95)
aodn_wave_nrt_timeseries_data.fid--2efc2349_17055012137_-2ce9,55036,307110,578,Gold Coast,-27.95,153.43,2020-02-16T21:30:00Z,directional,1,16,1,9.4,1.6,6,88,16,0.8,1597,POINT (153.43 -27.95)
aodn_wave_nrt_timeseries_data.fid--2efc2349_17055012137_-2ce8,55036,307122,578,Gold Coast,-27.95,153.43,2020-02-16T22:30:00Z,directional,1,16,1.1,9.3,1.9,6.1,100,15,0.8,1597,POINT (153.43 -27.95)
aodn_wave_nrt_timeseries_data.fid--2efc2349_17055012137_-2ce7,55036,307136,578,Gold Coast,-27.95,153.43,2020-02-16T23:30:00Z,directional,1,16,1,8.9,1.7,6,92,22,0.8,1597,POINT (153.43 -27.95)
aodn_wave_nrt_timeseries_data.fid--2efc2349_17055012137_-2ce6,55036,307155,578,Gold Coast,-27.95,153.43,2020-02-17T00:30:00Z,directional,1,16,1.1,9.5,1.8,6.2,92,22,0.8,1597,POINT (153.43 -27.95)
aodn_wave_nrt_timeseries_data.fid--2efc2349_17055012137_-2ce5,55036,307156,578,Gold Coast,-27.95,153.43,2020-02-17T01:30:00Z,directional,1,16,1,8.8,1.7,5.9,104,22,0.8,1597,POINT (153.43 -27.95)
aodn_wave_nrt_timeseries_data.fid--2efc2349_17055012137_-2ce4,55036,307175,578,Gold Coast,-27.95,153.43,2020-02-17T02:30:00Z,directional,1,16,1,8.6,1.6,6,92,21,0.8,1597,POINT (153.43 -27.95)
aodn_wave_nrt_timeseries_data.fid--2efc2349_17055012137_-2ce3,55036,307194,578,Gold Coast,-27.95,153.43,2020-02-17T03:30:00Z,directional,1,16,1,8.9,1.9,5.9,100,20,0.8,1597,POINT (153.43 -27.95)
aodn_wave_nrt_timeseries_data.fid--2efc2349_17055012137_-2ce2,55036,307195,578,Gold Coast,-27.95,153.43,2020-02-17T04:30:00Z,directional,1,16,1.1,8.6,1.7,6.2,104,18,0.8,1597,POINT (153.43 -27.95)
aodn_wave_nrt_timeseries_data.fid--2efc2349_17055012137_-2ce1,55036,307212,578,Gold Coast,-27.95,153.43,2020-02-17T05:30:00Z,directional,1,16,1,8.5,1.8,5.9,104,22,0.8,1597,POINT (153.43 -27.95)
aodn_wave_nrt_timeseries_data.fid--2efc2349_17055012137_-2ce0,55036,307224,578,Gold Coast,-27.95,153.43,2020-02-17T06:30:00Z,directional,1,16,1,9.1,1.7,5.2,92,24,0.8,1597,POINT (153.43 -27.95)
aodn_wave_nrt_timeseries_data.fid--2efc2349_17055012137_-2cdf,55036,307236,578,Gold Coast,-27.95,153.43,2020-02-17T07:30:00Z,directional,1,16,1,9.2,1.9,5.8,100,17,0.8,1597,POINT (153.43 -27.95)
aodn_wave_nrt_timeseries_data.fid--2efc2349_17055012137_-2cde,55036,307254,578,Gold Coast,-27.95,153.43,2020-02-17T08:30:00Z,directional,1,16,1,8.9,1.5,5.7,96,22,0.8,1597,POINT (153.43 -27.95)
aodn_wave_nrt_timeseries_data.fid--2efc2349_17055012137_-2cdd,55036,307255,578,Gold Coast,-27.95,153.43,2020-02-17T09:30:00Z,directional,1,16,1.1,8.9,1.9,5.6,100,23,0.8,1597,POINT (153.43 -27.95)
aodn_wave_nrt_timeseries_data.fid--2efc2349_17055012137_-2cdc,55036,307272,578,Gold Coast,-27.95,153.43,2020-02-17T10:30:00Z,directional,1,16,1.1,9.4,1.9,5.2,108,16,0.8,1597,POINT (153.43 -27.95)
aodn_wave_nrt_timeseries_data.fid--2efc2349_17055012137_-2cdb,55036,307287,578,Gold Coast,-27.95,153.43,2020-02-17T11:30:00Z,directional,1,16,1.1,9.8,2,5.8,112,23,0.8,1597,POINT (153.43 -27.95)
aodn_wave_nrt_timeseries_data.fid--2efc2349_17055012137_-2cda,55036,307299,578,Gold Coast,-27.95,153.43,2020-02-17T12:30:00Z,directional,1,16,1.2,9.4,2,5.9,112,15,0.8,1597,POINT (153.43 -27.95)
aodn_wave_nrt_timeseries_data.fid--2efc2349_17055012137_-2cd9,55036,307313,578,Gold Coast,-27.95,153.43,2020-02-17T14:30:00Z,directional,1,16,1.1,9.2,2.2,6.1,112,26,0.8,1597,POINT (153.43 -27.95)
aodn_wave_nrt_timeseries_data.fid--2efc2349_17055012137_-2cd8,55036,307324,578,Gold Coast,-27.95,153.43,2020-02-17T15:30:00Z,directional,1,16,1,9.6,1.9,6.1,108,19,0.8,1597,POINT (153.43 -27.95)
aodn_wave_nrt_timeseries_data.fid--2efc2349_17055012137_-2cd7,55036,307336,578,Gold Coast,-27.95,153.43,2020-02-17T16:30:00Z,directional,1,16,1.1,9.4,1.8,6.3,104,26,0.8,1597,POINT (153.43 -27.95)
aodn_wave_nrt_timeseries_data.fid--2efc2349_17055012137_-2cd6,55036,307350,578,Gold Coast,-27.95,153.43,2020-02-17T17:30:00Z,directional,1,16,1,9.7,1.6,6.3,108,17,0.8,1597,POINT (153.43 -27.95)
aodn_wave_nrt_timeseries_data.fid--2efc2349_17055012137_-2cd5,55036,307363,578,Gold Coast,-27.95,153.43,2020-02-17T18:30:00Z,directional,1,16,1.1,10.3,1.8,6.8,108,20,0.8,1597,POINT (153.43 -27.95)
aodn_wave_nrt_timeseries_data.fid--2efc2349_17055012137_-2cd4,55036,307375,578,Gold Coast,-27.95,153.43,2020-02-17T19:30:00Z,directional,1,16,1.1,9.3,1.8,6.7,112,14,0.8,1597,POINT (153.43 -27.95)
